<step title="Incoming Request" date="2026-01-10T22:17:23.217" instance="6bc239" url="/api/zipdeploy?isAsync=true" method="POST" type="request" pid="767,1,5" Accept="*/*" Host="baynunahhrportal.scm.azurewebsites.net" User-Agent="AZURECLI/2.81.0 (DEB)" Accept-Encoding="gzip, deflate" Authorization="Bea..." Cache-Control="no-cache" Content-Type="application/octet-stream" Content-Length="872969" x-ms-client-request-id="201e7b8e-ee72-11f0-b928-7c1e523c32f3" x-ms-artifact-checksum="2e6c43bcb4a3045426eac437883a60448b16b2405558fd4921ee800964479485" X-ARR-LOG-ID="201e7b8e-ee72-11f0-b928-7c1e523c32f3" CLIENT-IP="20.192.21.48:33281" X-SITE-DEPLOYMENT-ID="BaynunahHRPortal" WAS-DEFAULT-HOSTNAME="baynunahhrportal.scm.azurewebsites.net" X-Forwarded-Proto="https" X-AppService-Proto="https" X-Forwarded-TlsVersion="1.3" X-WAWS-Unencoded-URL="/api/zipdeploy?isAsync=true" X-Client-IP="20.192.21.48" X-Client-Port="33281" >
  <step title="ZipPushDeploy" date="2026-01-10T22:17:26.193" >
    <step title="ZipDeploy. Extract zip. Remote build." date="2026-01-10T22:17:26.213" /><!-- duration: 4ms -->
    <step title="None repository commit" date="2026-01-10T22:17:26.234" >
      <step title="Commit id: 8924b5f3-5461-4b48-bf4b-c3d9f4714b37" date="2026-01-10T22:17:26.242" Message="N/A" AuthorName="N/A" AuthorEmail="N/A" /><!-- duration: 4ms -->
    </step><!-- duration: 16ms -->
    <step title="Starting PushDeployAsync" date="2026-01-10T22:17:26.254" /><!-- duration: 6ms -->
    <step title="Writing artifact to /tmp/zipdeploy/22ac27fe-fb99-439f-b940-62665de011b7.zip" date="2026-01-10T22:17:26.292" >
      <step title="Writing multipart request body to /tmp/zipdeploy/22ac27fe-fb99-439f-b940-62665de011b7.zip" date="2026-01-10T22:17:26.302" /><!-- duration: 12ms -->
    </step><!-- duration: 210ms -->
    <step title="Removing previous build artifact&apos;s manifest file" date="2026-01-10T22:17:26.517" >
      <step title="Start deployment in the background" date="2026-01-10T22:17:26.563" >
        <step title="Acquiring Deployment Lock" date="2026-01-10T22:17:26.653" /><!-- duration: 12ms -->
        <step title="Acquired Deployment Lock" date="2026-01-10T22:17:26.765" /><!-- duration: 19ms -->
      </step><!-- duration: 372ms -->
    </step><!-- duration: 438ms -->
    <step title="Outgoing response" date="2026-01-10T22:17:26.996" type="response" statusCode="202" statusText="Accepted" /><!-- duration: 18ms -->
  </step><!-- duration: 832ms -->
