<step title="Incoming Request" date="2026-01-10T22:11:41.967" instance="6bc239" url="/api/zipdeploy?isAsync=true" method="POST" type="request" pid="770,1,28" Accept="*/*" Host="baynunahhrportal.scm.azurewebsites.net" User-Agent="AZURECLI/2.81.0 (DEB)" Accept-Encoding="gzip, deflate" Authorization="Bea..." Cache-Control="no-cache" Content-Type="application/octet-stream" Content-Length="872960" x-ms-client-request-id="557991e8-ee71-11f0-bb73-7c1e523c32f3" x-ms-artifact-checksum="4a212ac03c7112b9de2e4cbca58aef0f747bd5bc6cb6555a82f0b009f810b1da" X-ARR-LOG-ID="557991e8-ee71-11f0-bb73-7c1e523c32f3" CLIENT-IP="20.192.21.48:33282" X-SITE-DEPLOYMENT-ID="BaynunahHRPortal" WAS-DEFAULT-HOSTNAME="baynunahhrportal.scm.azurewebsites.net" X-Forwarded-Proto="https" X-AppService-Proto="https" X-Forwarded-TlsVersion="1.3" X-WAWS-Unencoded-URL="/api/zipdeploy?isAsync=true" X-Client-IP="20.192.21.48" X-Client-Port="33282" >
  <step title="Cleanup Xml Logs" date="2026-01-10T22:11:41.972" /><!-- duration: 7ms -->
  <step title="ZipPushDeploy" date="2026-01-10T22:11:42.068" >
    <step title="ZipDeploy. Extract zip. Remote build." date="2026-01-10T22:11:42.078" /><!-- duration: 8ms -->
    <step title="Starting PushDeployAsync" date="2026-01-10T22:11:42.091" /><!-- duration: 4ms -->
    <step title="Writing artifact to /tmp/zipdeploy/2184432a-e64c-48fe-842a-2dc4bb4ff806.zip" date="2026-01-10T22:11:42.112" >
      <step title="Writing multipart request body to /tmp/zipdeploy/2184432a-e64c-48fe-842a-2dc4bb4ff806.zip" date="2026-01-10T22:11:42.117" /><!-- duration: 11ms -->
    </step><!-- duration: 70ms -->
    <step title="Removing previous build artifact&apos;s manifest file" date="2026-01-10T22:11:42.188" >
      <step title="Start deployment in the background" date="2026-01-10T22:11:42.198" >
        <step title="Acquiring Deployment Lock" date="2026-01-10T22:11:42.244" /><!-- duration: 4ms -->
        <step title="Acquired Deployment Lock" date="2026-01-10T22:11:42.294" /><!-- duration: 4ms -->
      </step><!-- duration: 278ms -->
    </step><!-- duration: 348ms -->
    <step title="Outgoing response" date="2026-01-10T22:11:42.549" type="response" statusCode="202" statusText="Accepted" /><!-- duration: 8ms -->
  </step><!-- duration: 493ms -->
