<step title="Incoming Request" date="2026-01-10T22:40:01.610" instance="6bc239" url="/api/publish?type=zip" method="POST" type="request" pid="767,1,28" Accept="*/*" Host="baynunahhrportal.scm.azurewebsites.net" User-Agent="AZURECLI/2.81.0 (DEB)" Accept-Encoding="gzip, deflate" Authorization="Bea..." Cache-Control="no-cache" Content-Type="application/octet-stream" Cookie="ARRAffinity=6bc239cb301b67dc40b76835e601ab10bfb582e955d13dd3549a0c800e9ba5d2; ARRAffinitySameSite=6bc239cb301b67dc40b76835e601ab10bfb582e955d13dd3549a0c800e9ba5d2" Content-Length="1014473" x-ms-client-request-id="48b66b44-ee75-11f0-9ba3-7c1e523c32f3" x-ms-artifact-checksum="9b7cd7c4dbe1332f2db1660ad0bdc289823efa37a4aa5476062200d2625e8317" X-ARR-LOG-ID="48b66b44-ee75-11f0-9ba3-7c1e523c32f3" CLIENT-IP="20.192.21.48:33282" X-SITE-DEPLOYMENT-ID="BaynunahHRPortal" WAS-DEFAULT-HOSTNAME="baynunahhrportal.scm.azurewebsites.net" X-Forwarded-Proto="https" X-AppService-Proto="https" X-Forwarded-TlsVersion="1.3" X-WAWS-Unencoded-URL="/api/publish?type=zip" X-Client-IP="20.192.21.48" X-Client-Port="33282" >
  <step title="OneDeploy" date="2026-01-10T22:40:01.629" >
    <step title="Starting PushDeployAsync" date="2026-01-10T22:40:01.639" /><!-- duration: 20ms -->
    <step title="Writing artifact to /tmp/zipdeploy/5add7ccd-cde1-421c-a537-146b34dad7f4.zip" date="2026-01-10T22:40:01.692" >
      <step title="Writing multipart request body to /tmp/zipdeploy/5add7ccd-cde1-421c-a537-146b34dad7f4.zip" date="2026-01-10T22:40:01.696" /><!-- duration: 13ms -->
    </step><!-- duration: 280ms -->
    <step title="Removing previous build artifact&apos;s manifest file" date="2026-01-10T22:40:01.988" >
      <step title="Attempting to fetch target branch HEAD" date="2026-01-10T22:40:02.009" /><!-- duration: 4ms -->
      <step title="Acquiring Deployment Lock" date="2026-01-10T22:40:02.038" /><!-- duration: 41ms -->
      <step title="Acquired Deployment Lock" date="2026-01-10T22:40:02.218" /><!-- duration: 30ms -->
      <step title="Performing fetch based deployment" date="2026-01-10T22:40:02.279" >
        <step title="Creating temporary deployment" date="2026-01-10T22:40:02.299" /><!-- duration: 221ms -->
        <step title="Releasing Deployment Lock" date="2026-01-10T22:40:04.037" /><!-- duration: 21ms -->
        <step title="Cleaning up temp folders from previous zip deployments and extracting pushed zip file /tmp/zipdeploy/5add7ccd-cde1-421c-a537-146b34dad7f4.zip (0.97 MB) to /tmp/zipdeploy/extracted" date="2026-01-10T22:40:04.148" >
          <step title="ChmodRecursive Process exited with total time taken in ms: 340" date="2026-01-10T22:40:04.921" /><!-- duration: 11ms -->
        </step><!-- duration: 816ms -->
        <step title="None repository commit" date="2026-01-10T22:40:04.993" >
          <step title="Commit id: 03b5bfcc-d4dc-4263-8169-33f448c5bf25" date="2026-01-10T22:40:05.004" Message="OneDeploy" AuthorName="N/A" AuthorEmail="N/A" /><!-- duration: 4ms -->
        </step><!-- duration: 20ms -->
        <step title="Deployment timer started" date="2026-01-10T22:40:07.025" >
          <step title="DeploymentManager.Deploy(id:03b5bfcc-d4dc-4263-8169-33f448c5bf25)" date="2026-01-10T22:40:07.031" >
            <step title="Collecting changeset information" date="2026-01-10T22:40:07.065" /><!-- duration: 136ms -->
            <step title="Updating submodules" date="2026-01-10T22:40:07.212" /><!-- duration: 1168ms -->
            <step title="Determining deployment builder" date="2026-01-10T22:40:08.676" >
              <step title="Builder is OryxBuilder" date="2026-01-10T22:40:08.691" /><!-- duration: 3ms -->
            </step><!-- duration: 22ms -->
            <step title="PreDeployment: context.CleanOutputPath False" date="2026-01-10T22:40:08.765" >
              <step title="PreDeployment: context.OutputPath /home/site/wwwroot" date="2026-01-10T22:40:08.935" >
                <step title="Building" date="2026-01-10T22:40:09.106" >
                  <step title="Executing external process" date="2026-01-10T22:40:09.500" type="process" path="bash" arguments="-c &quot;oryx build /tmp/zipdeploy/extracted -o /home/site/wwwroot --platform python --platform-version 3.11 -p virtualenv_name=antenv --log-file /tmp/build-debug.log  -i /tmp/8de509935449c16 --compress-destination-dir | tee /tmp/oryx-build.log ; exit $PIPESTATUS &quot;" /><!-- duration: 103718ms -->
                  <step title="Using PythonDeploymentLogParser" date="2026-01-10T22:41:53.714" /><!-- duration: 6ms -->
                  <step title="Modified file to trigger a restart of the app container." date="2026-01-10T22:41:55.360" /><!-- duration: 4ms -->
                  <step title="Skip function trigger and logicapp sync because function is not enabled." date="2026-01-10T22:41:55.369" /><!-- duration: 12ms -->
                </step><!-- duration: 107669ms -->
              </step><!-- duration: 107849ms -->
              <step title="Cleaning up temp files" date="2026-01-10T22:41:56.788" /><!-- duration: 583ms -->
              <step title="Cleaning up temp files" date="2026-01-10T22:41:57.375" /><!-- duration: 518ms -->
              <step title="Reloading status file with latest updates" date="2026-01-10T22:41:57.932" >
                <step title="WebHooksManager.PublishEventAsync: PostDeployment" date="2026-01-10T22:41:57.938" /><!-- duration: 45ms -->
              </step><!-- duration: 56ms -->
              <step title="Cleaning up temporary deployment - fetch deployment was successful" date="2026-01-10T22:41:57.996" /><!-- duration: 6ms -->
            </step><!-- duration: 109306ms -->
          </step><!-- duration: 111047ms -->
          <step title="Outgoing response" date="2026-01-10T22:41:58.089" type="response" statusCode="200" statusText="OK" /><!-- duration: 4ms -->
        </step><!-- duration: 111073ms -->
