<step title="Incoming Request" date="2026-01-10T22:05:36.630" instance="6bc239" url="/api/publish?type=zip" method="POST" type="request" pid="770,1,27" Accept="*/*" Host="baynunahhrportal.scm.azurewebsites.net" User-Agent="AZURECLI/2.81.0 (DEB)" Accept-Encoding="gzip, deflate" Authorization="Bea..." Cache-Control="no-cache" Content-Type="application/octet-stream" Cookie="ARRAffinity=6bc239cb301b67dc40b76835e601ab10bfb582e955d13dd3549a0c800e9ba5d2; ARRAffinitySameSite=6bc239cb301b67dc40b76835e601ab10bfb582e955d13dd3549a0c800e9ba5d2" Content-Length="872960" x-ms-client-request-id="7a6a150a-ee70-11f0-b9e7-7c1e523c32f3" x-ms-artifact-checksum="4a212ac03c7112b9de2e4cbca58aef0f747bd5bc6cb6555a82f0b009f810b1da" X-ARR-LOG-ID="7a6a150a-ee70-11f0-b9e7-7c1e523c32f3" CLIENT-IP="20.192.21.48:33282" X-SITE-DEPLOYMENT-ID="BaynunahHRPortal" WAS-DEFAULT-HOSTNAME="baynunahhrportal.scm.azurewebsites.net" X-Forwarded-Proto="https" X-AppService-Proto="https" X-Forwarded-TlsVersion="1.3" X-WAWS-Unencoded-URL="/api/publish?type=zip" X-Client-IP="20.192.21.48" X-Client-Port="33282" >
  <step title="OneDeploy" date="2026-01-10T22:05:36.687" >
    <step title="None repository commit" date="2026-01-10T22:05:36.710" >
      <step title="Commit id: 968b18ef-18c7-4776-ac21-25ccd1f04c86" date="2026-01-10T22:05:36.715" Message="N/A" AuthorName="N/A" AuthorEmail="N/A" /><!-- duration: 3ms -->
    </step><!-- duration: 11ms -->
    <step title="Starting PushDeployAsync" date="2026-01-10T22:05:36.726" /><!-- duration: 3ms -->
    <step title="Writing artifact to /tmp/zipdeploy/6a006f74-0d54-4963-ad0f-0ff5ff99d8da.zip" date="2026-01-10T22:05:36.756" >
      <step title="Writing multipart request body to /tmp/zipdeploy/6a006f74-0d54-4963-ad0f-0ff5ff99d8da.zip" date="2026-01-10T22:05:36.760" /><!-- duration: 6ms -->
    </step><!-- duration: 130ms -->
    <step title="Attempting to fetch target branch HEAD" date="2026-01-10T22:05:36.899" /><!-- duration: 3ms -->
    <step title="Acquiring Deployment Lock" date="2026-01-10T22:05:36.906" /><!-- duration: 5ms -->
    <step title="Acquired Deployment Lock" date="2026-01-10T22:05:36.951" /><!-- duration: 3ms -->
    <step title="Performing fetch based deployment" date="2026-01-10T22:05:36.963" >
      <step title="Creating temporary deployment" date="2026-01-10T22:05:36.968" /><!-- duration: 69ms -->
      <step title="Releasing Deployment Lock" date="2026-01-10T22:05:38.245" /><!-- duration: 4ms -->
      <step title="Cleaning up temp folders from previous zip deployments and extracting pushed zip file /tmp/zipdeploy/6a006f74-0d54-4963-ad0f-0ff5ff99d8da.zip (0.83 MB) to /tmp/zipdeploy/extracted" date="2026-01-10T22:05:38.295" >
        <step title="ChmodRecursive Process exited with total time taken in ms: 107" date="2026-01-10T22:05:38.533" /><!-- duration: 4ms -->
      </step><!-- duration: 246ms -->
      <step title="None repository commit" date="2026-01-10T22:05:38.548" >
        <step title="Commit id: 968b18ef-18c7-4776-ac21-25ccd1f04c86" date="2026-01-10T22:05:38.551" Message="OneDeploy" AuthorName="N/A" AuthorEmail="N/A" /><!-- duration: 3ms -->
      </step><!-- duration: 11ms -->
      <step title="Deployment timer started" date="2026-01-10T22:05:40.579" >
        <step title="DeploymentManager.Deploy(id:968b18ef-18c7-4776-ac21-25ccd1f04c86)" date="2026-01-10T22:05:40.583" >
          <step title="Collecting changeset information" date="2026-01-10T22:05:40.611" /><!-- duration: 169ms -->
          <step title="Updating submodules" date="2026-01-10T22:05:40.795" /><!-- duration: 1183ms -->
          <step title="Determining deployment builder" date="2026-01-10T22:05:42.263" >
            <step title="Builder is OryxBuilder" date="2026-01-10T22:05:42.282" /><!-- duration: 3ms -->
          </step><!-- duration: 26ms -->
          <step title="PreDeployment: context.CleanOutputPath False" date="2026-01-10T22:05:42.346" >
            <step title="PreDeployment: context.OutputPath /home/site/wwwroot" date="2026-01-10T22:05:42.512" >
              <step title="Building" date="2026-01-10T22:05:42.655" >
                <step title="Executing external process" date="2026-01-10T22:05:43.041" type="process" path="bash" arguments="-c &quot;oryx build /tmp/zipdeploy/extracted -o /home/site/wwwroot --platform python --platform-version 3.11 -p virtualenv_name=antenv --log-file /tmp/build-debug.log  -i /tmp/8de5094659795e3 --compress-destination-dir | tee /tmp/oryx-build.log ; exit $PIPESTATUS &quot;" >
                  <step title="Cpu: python(1098,26.570s)+ts(1099,0.160s)+build.sh(1097,0.000s)+build.sh(1096,0.000s)+build.sh(998,0.060s)+oryx(978,6.260s)+tee(979,0.000s)+bash(977,0.000s)=total(33.030s)" date="2026-01-10T22:07:39.280" /><!-- duration: 12ms -->
                  <step title="bash: no io activity for 61s, prev-cpu=-1.000s, current-cpu=33.030s" date="2026-01-10T22:07:39.351" /><!-- duration: 21ms -->
                </step><!-- duration: 172191ms -->
                <step title="Using PythonDeploymentLogParser" date="2026-01-10T22:08:36.005" /><!-- duration: 9ms -->
                <step title="Modified file to trigger a restart of the app container." date="2026-01-10T22:08:37.992" /><!-- duration: 11ms -->
                <step title="Skip function trigger and logicapp sync because function is not enabled." date="2026-01-10T22:08:38.113" /><!-- duration: 19ms -->
              </step><!-- duration: 177013ms -->
            </step><!-- duration: 177217ms -->
            <step title="Cleaning up temp files" date="2026-01-10T22:08:39.740" /><!-- duration: 1278ms -->
            <step title="Cleaning up temp files" date="2026-01-10T22:08:41.027" /><!-- duration: 550ms -->
            <step title="Reloading status file with latest updates" date="2026-01-10T22:08:41.630" >
              <step title="WebHooksManager.PublishEventAsync: PostDeployment" date="2026-01-10T22:08:41.642" /><!-- duration: 548ms -->
            </step><!-- duration: 570ms -->
            <step title="Cleaning up temporary deployment - fetch deployment was successful" date="2026-01-10T22:08:42.216" /><!-- duration: 4ms -->
          </step><!-- duration: 179955ms -->
        </step><!-- duration: 181739ms -->
        <step title="Outgoing response" date="2026-01-10T22:08:42.350" type="response" statusCode="200" statusText="OK" /><!-- duration: 9ms -->
      </step><!-- duration: 181784ms -->
