<step title="Incoming Request" date="2026-01-10T21:12:55.929" instance="6bc239" url="/api/zipdeploy?isAsync=true" method="POST" type="request" pid="768,1,5" Accept="*/*" Host="baynunahhrportal.scm.azurewebsites.net" User-Agent="AZURECLI/2.81.0 (DEB)" Accept-Encoding="gzip, deflate" Authorization="Bea..." Cache-Control="no-cache" Content-Type="application/octet-stream" Content-Length="1025511" x-ms-client-request-id="1f2ba390-ee69-11f0-8bc7-7c1e523c32f3" x-ms-artifact-checksum="b2d2a9633df36bc95ea30a7f3cc99c62aa6c1c16139552371e183faae4e09aa1" X-ARR-LOG-ID="1f2ba390-ee69-11f0-8bc7-7c1e523c32f3" CLIENT-IP="20.192.21.48:33280" X-SITE-DEPLOYMENT-ID="BaynunahHRPortal" WAS-DEFAULT-HOSTNAME="baynunahhrportal.scm.azurewebsites.net" X-Forwarded-Proto="https" X-AppService-Proto="https" X-Forwarded-TlsVersion="1.3" X-WAWS-Unencoded-URL="/api/zipdeploy?isAsync=true" X-Client-IP="20.192.21.48" X-Client-Port="33280" >
  <step title="ZipPushDeploy" date="2026-01-10T21:12:56.964" >
    <step title="ZipDeploy. Extract zip." date="2026-01-10T21:12:56.973" /><!-- duration: 4ms -->
    <step title="None repository commit" date="2026-01-10T21:12:56.984" >
      <step title="Commit id: 4f23c58b-66fb-40a2-bdde-3be16530d2cb" date="2026-01-10T21:12:56.988" Message="N/A" AuthorName="N/A" AuthorEmail="N/A" /><!-- duration: 4ms -->
    </step><!-- duration: 12ms -->
    <step title="Starting PushDeployAsync" date="2026-01-10T21:12:57.000" /><!-- duration: 3ms -->
    <step title="Writing artifact to /tmp/zipdeploy/86c93d8f-b34d-4efa-b0ef-5894f65bd014.zip" date="2026-01-10T21:12:57.030" >
      <step title="Writing multipart request body to /tmp/zipdeploy/86c93d8f-b34d-4efa-b0ef-5894f65bd014.zip" date="2026-01-10T21:12:57.035" /><!-- duration: 4ms -->
      <step title="Error occurred" date="2026-01-10T21:12:57.099" type="error" text="Exception in copying zip file to temp path. Exception: Microsoft.AspNetCore.Server.Kestrel.Core.BadHttpRequestException: Unexpected end of request content.
   at Microsoft.AspNetCore.Server.Kestrel.Core.Internal.Http.Http1ContentLengthMessageBody.ReadAsyncInternal(CancellationToken cancellationToken)
   at System.Runtime.CompilerServices.PoolingAsyncValueTaskMethodBuilder`1.StateMachineBox`1.System.Threading.Tasks.Sources.IValueTaskSource&lt;TResult&gt;.GetResult(Int16 token)
   at System.IO.Pipelines.PipeReader.CopyToAsyncCore[TStream](TStream destination, Func`4 writeAsync, CancellationToken cancellationToken)
   at Kudu.Services.Deployment.PushDeploymentController.CopyZipFromRequestBody(String artifactTempPath, ITracer tracer) in /tmp/KuduLite/Kudu.Services/Deployment/PushDeploymentController.cs:line 1496: Unexpected end of request content." stackTrace="   at Microsoft.AspNetCore.Server.Kestrel.Core.Internal.Http.Http1ContentLengthMessageBody.ReadAsyncInternal(CancellationToken cancellationToken)
   at System.Runtime.CompilerServices.PoolingAsyncValueTaskMethodBuilder`1.StateMachineBox`1.System.Threading.Tasks.Sources.IValueTaskSource&lt;TResult&gt;.GetResult(Int16 token)
   at System.IO.Pipelines.PipeReader.CopyToAsyncCore[TStream](TStream destination, Func`4 writeAsync, CancellationToken cancellationToken)
   at Kudu.Services.Deployment.PushDeploymentController.CopyZipFromRequestBody(String artifactTempPath, ITracer tracer) in /tmp/KuduLite/Kudu.Services/Deployment/PushDeploymentController.cs:line 1496" /><!-- duration: 19ms -->
    </step><!-- duration: 113ms -->
    <step title="Error occurred" date="2026-01-10T21:12:57.148" type="error" text="Request was Aborted. Deployment was cancelled" /><!-- duration: 3ms -->
  </step><!-- duration: 195ms -->
  <step title="Outgoing response" date="2026-01-10T21:12:57.198" type="response" statusCode="499" statusText="499" /><!-- duration: 9ms -->
</step><!-- duration: 1287ms -->
