﻿<?xml version="1.0" encoding="utf-8"?>
<deployment>
  <id>148f8e8a-c1e3-4d84-8dd5-047b319f992c</id>
  <author>N/A</author>
  <deployer>OneDeploy</deployer>
  <authorEmail>N/A</authorEmail>
  <message>OneDeploy</message>
  <progress></progress>
  <status>Success</status>
  <statusText></statusText>
  <lastSuccessEndTime>2026-01-10T22:38:23.3938392Z</lastSuccessEndTime>
  <receivedTime>2026-01-10T22:36:13.1844607Z</receivedTime>
  <startTime>2026-01-10T22:36:14.7121241Z</startTime>
  <endTime>2026-01-10T22:38:23.3938392Z</endTime>
  <complete>True</complete>
  <is_temp>False</is_temp>
  <is_readonly>True</is_readonly>
  <buildSummary />
</deployment>