﻿<?xml version="1.0" encoding="utf-8"?>
<deployment>
  <id>55f73f22-597b-4153-8310-11bac0808669</id>
  <author>N/A</author>
  <deployer>Push-Deployer</deployer>
  <authorEmail>N/A</authorEmail>
  <message>Created via a push deployment</message>
  <progress></progress>
  <status>Success</status>
  <statusText></statusText>
  <lastSuccessEndTime>2026-01-10T22:24:23.999231Z</lastSuccessEndTime>
  <receivedTime>2026-01-10T22:22:26.7369095Z</receivedTime>
  <startTime>2026-01-10T22:22:28.2807552Z</startTime>
  <endTime>2026-01-10T22:24:23.999231Z</endTime>
  <complete>True</complete>
  <is_temp>False</is_temp>
  <is_readonly>True</is_readonly>
  <buildSummary />
</deployment>