﻿<?xml version="1.0" encoding="utf-8"?>
<deployment>
  <id>485fd042-f1d2-46eb-9ef6-a19e571eab64</id>
  <author>N/A</author>
  <deployer>OneDeploy</deployer>
  <authorEmail>N/A</authorEmail>
  <message>OneDeploy</message>
  <progress></progress>
  <status>Success</status>
  <statusText></statusText>
  <lastSuccessEndTime>2026-01-10T23:04:02.7479816Z</lastSuccessEndTime>
  <receivedTime>2026-01-10T23:01:24.4661733Z</receivedTime>
  <startTime>2026-01-10T23:01:25.9987986Z</startTime>
  <endTime>2026-01-10T23:04:02.7479816Z</endTime>
  <complete>True</complete>
  <is_temp>False</is_temp>
  <is_readonly>True</is_readonly>
  <buildSummary />
</deployment>