﻿<?xml version="1.0" encoding="utf-8"?>
<deployment>
  <id>b91d5076-0b4e-405f-9452-5b6b5675c9f5</id>
  <author>N/A</author>
  <deployer>OneDeploy</deployer>
  <authorEmail>N/A</authorEmail>
  <message>OneDeploy</message>
  <progress></progress>
  <status>Success</status>
  <statusText></statusText>
  <lastSuccessEndTime>2026-01-10T21:50:35.8075444Z</lastSuccessEndTime>
  <receivedTime>2026-01-10T21:50:27.8895807Z</receivedTime>
  <startTime>2026-01-10T21:50:29.6994753Z</startTime>
  <endTime>2026-01-10T21:50:35.8075444Z</endTime>
  <complete>True</complete>
  <is_temp>False</is_temp>
  <is_readonly>True</is_readonly>
  <buildSummary />
</deployment>