<step title="Incoming Request" date="2026-01-10T21:50:16.933" instance="6bc239" url="/api/publish?type=zip&amp;async=True" method="POST" type="request" pid="769,1,16" Accept="*/*" Host="baynunahhrportal.scm.azurewebsites.net" User-Agent="AZURECLI/2.81.0 (DEB)" Accept-Encoding="gzip, deflate" Authorization="Bea..." Cache-Control="no-cache" Content-Type="application/octet-stream" Cookie="ARRAffinity=6bc239cb301b67dc40b76835e601ab10bfb582e955d13dd3549a0c800e9ba5d2; ARRAffinitySameSite=6bc239cb301b67dc40b76835e601ab10bfb582e955d13dd3549a0c800e9ba5d2" Content-Length="872960" x-ms-client-request-id="4ed4ff56-ee6e-11f0-9b1c-7c1e523c32f3" x-ms-artifact-checksum="4a212ac03c7112b9de2e4cbca58aef0f747bd5bc6cb6555a82f0b009f810b1da" X-ARR-LOG-ID="4ed4ff56-ee6e-11f0-9b1c-7c1e523c32f3" CLIENT-IP="20.192.21.48:33280" X-SITE-DEPLOYMENT-ID="BaynunahHRPortal" WAS-DEFAULT-HOSTNAME="baynunahhrportal.scm.azurewebsites.net" X-Forwarded-Proto="https" X-AppService-Proto="https" X-Forwarded-TlsVersion="1.3" X-WAWS-Unencoded-URL="/api/publish?type=zip&amp;async=True" X-Client-IP="20.192.21.48" X-Client-Port="33280" >
  <step title="Cleanup Xml Logs" date="2026-01-10T21:50:17.104" /><!-- duration: 119ms -->
  <step title="OneDeploy" date="2026-01-10T21:50:18.600" >
    <step title="None repository commit" date="2026-01-10T21:50:18.731" >
      <step title="Commit id: b91d5076-0b4e-405f-9452-5b6b5675c9f5" date="2026-01-10T21:50:18.760" Message="N/A" AuthorName="N/A" AuthorEmail="N/A" /><!-- duration: 30ms -->
    </step><!-- duration: 100ms -->
    <step title="Starting PushDeployAsync" date="2026-01-10T21:50:18.912" /><!-- duration: 29ms -->
    <step title="Writing artifact to /tmp/zipdeploy/efffde59-5912-4dc0-9f8e-c5501ebf843e.zip" date="2026-01-10T21:50:19.344" >
      <step title="Writing multipart request body to /tmp/zipdeploy/efffde59-5912-4dc0-9f8e-c5501ebf843e.zip" date="2026-01-10T21:50:19.416" /><!-- duration: 20ms -->
    </step><!-- duration: 974ms -->
    <step title="Start deployment in the background" date="2026-01-10T21:50:20.742" >
      <step title="Acquiring Deployment Lock" date="2026-01-10T21:50:21.164" /><!-- duration: 41ms -->
      <step title="Acquired Deployment Lock" date="2026-01-10T21:50:21.385" /><!-- duration: 40ms -->
    </step><!-- duration: 1544ms -->
  </step><!-- duration: 3805ms -->
  <step title="Outgoing response" date="2026-01-10T21:50:22.507" type="response" statusCode="202" statusText="Accepted" /><!-- duration: 29ms -->
</step><!-- duration: 5615ms -->
