<step title="Incoming Request" date="2026-01-10T23:01:19.990" instance="6bc239" url="/api/publish?type=zip" method="POST" type="request" pid="767,1,15" Accept="*/*" Host="baynunahhrportal.scm.azurewebsites.net" User-Agent="AZURECLI/2.81.0 (DEB)" Accept-Encoding="gzip, deflate" Authorization="Bea..." Cache-Control="no-cache" Content-Type="application/octet-stream" Cookie="ARRAffinity=6bc239cb301b67dc40b76835e601ab10bfb582e955d13dd3549a0c800e9ba5d2; ARRAffinitySameSite=6bc239cb301b67dc40b76835e601ab10bfb582e955d13dd3549a0c800e9ba5d2" Content-Length="1014526" x-ms-client-request-id="33ab1a26-ee78-11f0-9a1e-7c1e523c32f3" x-ms-artifact-checksum="512cacc14226df46e3a4db638335a992944746b263f203a220a32820b28563c2" X-ARR-LOG-ID="33ab1a26-ee78-11f0-9a1e-7c1e523c32f3" CLIENT-IP="20.192.21.48:33281" X-SITE-DEPLOYMENT-ID="BaynunahHRPortal" WAS-DEFAULT-HOSTNAME="baynunahhrportal.scm.azurewebsites.net" X-Forwarded-Proto="https" X-AppService-Proto="https" X-Forwarded-TlsVersion="1.3" X-WAWS-Unencoded-URL="/api/publish?type=zip" X-Client-IP="20.192.21.48" X-Client-Port="33281" >
  <step title="OneDeploy" date="2026-01-10T23:01:20.132" >
    <step title="None repository commit" date="2026-01-10T23:01:20.143" >
      <step title="Commit id: 485fd042-f1d2-46eb-9ef6-a19e571eab64" date="2026-01-10T23:01:20.149" Message="N/A" AuthorName="N/A" AuthorEmail="N/A" /><!-- duration: 4ms -->
    </step><!-- duration: 13ms -->
    <step title="Starting PushDeployAsync" date="2026-01-10T23:01:20.163" /><!-- duration: 4ms -->
    <step title="Writing artifact to /tmp/zipdeploy/28c95d7c-e768-43bf-bdfe-6f2651d26374.zip" date="2026-01-10T23:01:20.188" >
      <step title="Writing multipart request body to /tmp/zipdeploy/28c95d7c-e768-43bf-bdfe-6f2651d26374.zip" date="2026-01-10T23:01:20.193" /><!-- duration: 4ms -->
    </step><!-- duration: 162ms -->
    <step title="Removing previous build artifact&apos;s manifest file" date="2026-01-10T23:01:20.379" >
      <step title="Attempting to fetch target branch HEAD" date="2026-01-10T23:01:20.437" /><!-- duration: 4ms -->
      <step title="Acquiring Deployment Lock" date="2026-01-10T23:01:20.451" /><!-- duration: 20ms -->
      <step title="Acquired Deployment Lock" date="2026-01-10T23:01:20.583" /><!-- duration: 5ms -->
      <step title="Performing fetch based deployment" date="2026-01-10T23:01:20.632" >
        <step title="Creating temporary deployment" date="2026-01-10T23:01:20.638" /><!-- duration: 82ms -->
        <step title="Releasing Deployment Lock" date="2026-01-10T23:01:22.026" /><!-- duration: 6ms -->
        <step title="Cleaning up temp folders from previous zip deployments and extracting pushed zip file /tmp/zipdeploy/28c95d7c-e768-43bf-bdfe-6f2651d26374.zip (0.97 MB) to /tmp/zipdeploy/extracted" date="2026-01-10T23:01:22.065" >
          <step title="ChmodRecursive Process exited with total time taken in ms: 90" date="2026-01-10T23:01:22.320" /><!-- duration: 29ms -->
        </step><!-- duration: 304ms -->
        <step title="None repository commit" date="2026-01-10T23:01:22.373" >
          <step title="Commit id: 485fd042-f1d2-46eb-9ef6-a19e571eab64" date="2026-01-10T23:01:22.376" Message="OneDeploy" AuthorName="N/A" AuthorEmail="N/A" /><!-- duration: 4ms -->
        </step><!-- duration: 10ms -->
        <step title="Deployment timer started" date="2026-01-10T23:01:24.389" >
          <step title="DeploymentManager.Deploy(id:485fd042-f1d2-46eb-9ef6-a19e571eab64)" date="2026-01-10T23:01:24.396" >
            <step title="Collecting changeset information" date="2026-01-10T23:01:24.420" /><!-- duration: 134ms -->
            <step title="Updating submodules" date="2026-01-10T23:01:24.561" /><!-- duration: 1221ms -->
            <step title="Determining deployment builder" date="2026-01-10T23:01:26.092" >
              <step title="Builder is OryxBuilder" date="2026-01-10T23:01:26.106" /><!-- duration: 3ms -->
            </step><!-- duration: 22ms -->
            <step title="PreDeployment: context.CleanOutputPath False" date="2026-01-10T23:01:26.175" >
              <step title="PreDeployment: context.OutputPath /home/site/wwwroot" date="2026-01-10T23:01:26.348" >
                <step title="Building" date="2026-01-10T23:01:26.526" >
                  <step title="Executing external process" date="2026-01-10T23:01:26.938" type="process" path="bash" arguments="-c &quot;oryx build /tmp/zipdeploy/extracted -o /home/site/wwwroot --platform python --platform-version 3.11 -p virtualenv_name=antenv --log-file /tmp/build-debug.log  -i /tmp/8de509c2eaaae5c --compress-destination-dir | tee /tmp/oryx-build.log ; exit $PIPESTATUS &quot;" /><!-- duration: 152845ms -->
                  <step title="Using PythonDeploymentLogParser" date="2026-01-10T23:04:00.406" /><!-- duration: 4ms -->
                  <step title="Modified file to trigger a restart of the app container." date="2026-01-10T23:04:02.035" /><!-- duration: 19ms -->
                  <step title="Skip function trigger and logicapp sync because function is not enabled." date="2026-01-10T23:04:02.095" /><!-- duration: 29ms -->
                  <step title="Purge deployment items" date="2026-01-10T23:04:05.273" >
                    <step title="Remove b91d5076-, Success, received at 01/10/2026 21:50:27" date="2026-01-10T23:04:05.347" /><!-- duration: 5ms -->
                  </step><!-- duration: 82ms -->
                </step><!-- duration: 158919ms -->
              </step><!-- duration: 159104ms -->
              <step title="Cleaning up temp files" date="2026-01-10T23:04:05.455" /><!-- duration: 693ms -->
              <step title="Cleaning up temp files" date="2026-01-10T23:04:06.153" /><!-- duration: 520ms -->
              <step title="Reloading status file with latest updates" date="2026-01-10T23:04:06.723" >
                <step title="WebHooksManager.PublishEventAsync: PostDeployment" date="2026-01-10T23:04:06.732" /><!-- duration: 106ms -->
              </step><!-- duration: 118ms -->
              <step title="Cleaning up temporary deployment - fetch deployment was successful" date="2026-01-10T23:04:06.851" /><!-- duration: 5ms -->
            </step><!-- duration: 160750ms -->
          </step><!-- duration: 162572ms -->
          <step title="Outgoing response" date="2026-01-10T23:04:07.004" type="response" statusCode="200" statusText="OK" /><!-- duration: 6ms -->
        </step><!-- duration: 162626ms -->
