<step title="Incoming Request" date="2026-01-10T21:54:31.172" instance="6bc239" url="/api/publish?type=zip" method="POST" type="request" pid="768,1,15" Accept="*/*" Host="baynunahhrportal.scm.azurewebsites.net" User-Agent="AZURECLI/2.81.0 (DEB)" Accept-Encoding="gzip, deflate" Authorization="Bea..." Cache-Control="no-cache" Content-Type="application/octet-stream" Cookie="ARRAffinity=6bc239cb301b67dc40b76835e601ab10bfb582e955d13dd3549a0c800e9ba5d2; ARRAffinitySameSite=6bc239cb301b67dc40b76835e601ab10bfb582e955d13dd3549a0c800e9ba5d2" Content-Length="872960" x-ms-client-request-id="ec2f51b6-ee6e-11f0-bd67-7c1e523c32f3" x-ms-artifact-checksum="4a212ac03c7112b9de2e4cbca58aef0f747bd5bc6cb6555a82f0b009f810b1da" X-ARR-LOG-ID="ec2f51b6-ee6e-11f0-bd67-7c1e523c32f3" CLIENT-IP="20.192.21.48:33282" X-SITE-DEPLOYMENT-ID="BaynunahHRPortal" WAS-DEFAULT-HOSTNAME="baynunahhrportal.scm.azurewebsites.net" X-Forwarded-Proto="https" X-AppService-Proto="https" X-Forwarded-TlsVersion="1.3" X-WAWS-Unencoded-URL="/api/publish?type=zip" X-Client-IP="20.192.21.48" X-Client-Port="33282" >
  <step title="OneDeploy" date="2026-01-10T21:54:31.243" >
    <step title="Starting PushDeployAsync" date="2026-01-10T21:54:31.323" /><!-- duration: 40ms -->
    <step title="Writing artifact to /tmp/zipdeploy/220d669c-4ad8-44ab-8d3b-0f74bb31914e.zip" date="2026-01-10T21:54:31.444" >
      <step title="Writing multipart request body to /tmp/zipdeploy/220d669c-4ad8-44ab-8d3b-0f74bb31914e.zip" date="2026-01-10T21:54:31.475" /><!-- duration: 40ms -->
    </step><!-- duration: 242ms -->
    <step title="Attempting to fetch target branch HEAD" date="2026-01-10T21:54:31.877" /><!-- duration: 39ms -->
    <step title="Acquiring Deployment Lock" date="2026-01-10T21:54:31.977" /><!-- duration: 59ms -->
    <step title="Acquired Deployment Lock" date="2026-01-10T21:54:32.188" /><!-- duration: 30ms -->
    <step title="Performing fetch based deployment" date="2026-01-10T21:54:32.318" >
      <step title="Creating temporary deployment" date="2026-01-10T21:54:32.349" /><!-- duration: 202ms -->
      <step title="Releasing Deployment Lock - There is NO LOCK HELD | ERROR" date="2026-01-10T21:54:33.982" /><!-- duration: 63ms -->
      <step title="Cleaning up temp folders from previous zip deployments and extracting pushed zip file /tmp/zipdeploy/220d669c-4ad8-44ab-8d3b-0f74bb31914e.zip (0.83 MB) to /tmp/zipdeploy/extracted" date="2026-01-10T21:54:34.234" >
        <step title="ChmodRecursive Process exited with total time taken in ms: 130" date="2026-01-10T21:54:34.778" /><!-- duration: 22ms -->
      </step><!-- duration: 595ms -->
      <step title="None repository commit" date="2026-01-10T21:54:34.859" >
        <step title="Commit id: d6e11eb6-3748-42d1-9dd0-88a6e84bff65" date="2026-01-10T21:54:34.888" Message="OneDeploy" AuthorName="N/A" AuthorEmail="N/A" /><!-- duration: 14ms -->
      </step><!-- duration: 55ms -->
      <step title="Deployment timer started" date="2026-01-10T21:54:36.927" >
        <step title="DeploymentManager.Deploy(id:d6e11eb6-3748-42d1-9dd0-88a6e84bff65)" date="2026-01-10T21:54:36.938" >
          <step title="Collecting changeset information" date="2026-01-10T21:54:36.999" /><!-- duration: 192ms -->
          <step title="Updating submodules" date="2026-01-10T21:54:37.203" /><!-- duration: 1178ms -->
          <step title="Determining deployment builder" date="2026-01-10T21:54:38.675" >
            <step title="Builder is OneDeployBuilder" date="2026-01-10T21:54:38.700" /><!-- duration: 10ms -->
          </step><!-- duration: 39ms -->
          <step title="PreDeployment: context.CleanOutputPath False" date="2026-01-10T21:54:38.770" >
            <step title="PreDeployment: context.OutputPath /home/site/wwwroot" date="2026-01-10T21:54:38.928" >
              <step title="Building" date="2026-01-10T21:54:39.084" >
                <step title="Executing external process" date="2026-01-10T21:54:39.953" type="process" path="starter.sh" arguments="/opt/Kudu/Scripts/parallel_rsync.sh /tmp/zipdeploy/extracted /home/site/wwwroot 8 /tmp/ False False  " /><!-- duration: 4760ms -->
                <step title="Modified file to trigger a restart of the app container." date="2026-01-10T21:54:45.292" /><!-- duration: 4ms -->
                <step title="Skip function trigger and logicapp sync because function is not enabled." date="2026-01-10T21:54:45.300" /><!-- duration: 14ms -->
                <step title="Purge deployment items" date="2026-01-10T21:54:46.235" >
                  <step title="Remove temp-5f0a, Failed, received at 01/10/2026 21:54:32" date="2026-01-10T21:54:46.307" /><!-- duration: 5ms -->
                </step><!-- duration: 82ms -->
              </step><!-- duration: 7365ms -->
            </step><!-- duration: 7527ms -->
            <step title="Cleaning up temp files" date="2026-01-10T21:54:46.462" /><!-- duration: 19ms -->
            <step title="Cleaning up temp files" date="2026-01-10T21:54:46.493" /><!-- duration: 513ms -->
            <step title="Reloading status file with latest updates" date="2026-01-10T21:54:47.059" >
              <step title="WebHooksManager.PublishEventAsync: PostDeployment" date="2026-01-10T21:54:47.065" /><!-- duration: 46ms -->
            </step><!-- duration: 56ms -->
            <step title="Cleaning up temporary deployment - fetch deployment was successful" date="2026-01-10T21:54:47.122" /><!-- duration: 4ms -->
          </step><!-- duration: 8435ms -->
        </step><!-- duration: 10272ms -->
        <step title="Outgoing response" date="2026-01-10T21:54:47.215" type="response" statusCode="200" statusText="OK" /><!-- duration: 4ms -->
      </step><!-- duration: 10296ms -->
