<step title="Incoming Request" date="2026-01-10T22:36:09.010" instance="6bc239" url="/api/publish?type=zip" method="POST" type="request" pid="767,1,21" Accept="*/*" Host="baynunahhrportal.scm.azurewebsites.net" User-Agent="AZURECLI/2.81.0 (DEB)" Accept-Encoding="gzip, deflate" Authorization="Bea..." Cache-Control="no-cache" Content-Type="application/octet-stream" Cookie="ARRAffinity=6bc239cb301b67dc40b76835e601ab10bfb582e955d13dd3549a0c800e9ba5d2; ARRAffinitySameSite=6bc239cb301b67dc40b76835e601ab10bfb582e955d13dd3549a0c800e9ba5d2" Content-Length="1014453" x-ms-client-request-id="bb51cd84-ee74-11f0-9acc-7c1e523c32f3" x-ms-artifact-checksum="040e8fc0c8ddf743c739f2f4889648ae8becb0610cf404e462b5bbc89d272be1" X-ARR-LOG-ID="bb51cd84-ee74-11f0-9acc-7c1e523c32f3" CLIENT-IP="20.192.21.48:33281" X-SITE-DEPLOYMENT-ID="BaynunahHRPortal" WAS-DEFAULT-HOSTNAME="baynunahhrportal.scm.azurewebsites.net" X-Forwarded-Proto="https" X-AppService-Proto="https" X-Forwarded-TlsVersion="1.3" X-WAWS-Unencoded-URL="/api/publish?type=zip" X-Client-IP="20.192.21.48" X-Client-Port="33281" >
  <step title="OneDeploy" date="2026-01-10T22:36:09.193" >
    <step title="Starting PushDeployAsync" date="2026-01-10T22:36:09.202" /><!-- duration: 5ms -->
    <step title="Writing artifact to /tmp/zipdeploy/c342e486-7a2e-4617-9e90-db4f52618ae0.zip" date="2026-01-10T22:36:09.221" >
      <step title="Writing multipart request body to /tmp/zipdeploy/c342e486-7a2e-4617-9e90-db4f52618ae0.zip" date="2026-01-10T22:36:09.228" /><!-- duration: 11ms -->
    </step><!-- duration: 70ms -->
    <step title="Removing previous build artifact&apos;s manifest file" date="2026-01-10T22:36:09.298" >
      <step title="Attempting to fetch target branch HEAD" date="2026-01-10T22:36:09.314" /><!-- duration: 4ms -->
      <step title="Acquiring Deployment Lock" date="2026-01-10T22:36:09.323" /><!-- duration: 17ms -->
      <step title="Acquired Deployment Lock" date="2026-01-10T22:36:09.385" /><!-- duration: 4ms -->
      <step title="Performing fetch based deployment" date="2026-01-10T22:36:09.398" >
        <step title="Creating temporary deployment" date="2026-01-10T22:36:09.404" /><!-- duration: 84ms -->
        <step title="Releasing Deployment Lock" date="2026-01-10T22:36:10.707" /><!-- duration: 10ms -->
        <step title="Cleaning up temp folders from previous zip deployments and extracting pushed zip file /tmp/zipdeploy/c342e486-7a2e-4617-9e90-db4f52618ae0.zip (0.97 MB) to /tmp/zipdeploy/extracted" date="2026-01-10T22:36:10.774" >
          <step title="ChmodRecursive Process exited with total time taken in ms: 151" date="2026-01-10T22:36:11.057" /><!-- duration: 18ms -->
        </step><!-- duration: 306ms -->
        <step title="None repository commit" date="2026-01-10T22:36:11.084" >
          <step title="Commit id: 148f8e8a-c1e3-4d84-8dd5-047b319f992c" date="2026-01-10T22:36:11.089" Message="OneDeploy" AuthorName="N/A" AuthorEmail="N/A" /><!-- duration: 4ms -->
        </step><!-- duration: 12ms -->
        <step title="Deployment timer started" date="2026-01-10T22:36:13.106" >
          <step title="DeploymentManager.Deploy(id:148f8e8a-c1e3-4d84-8dd5-047b319f992c)" date="2026-01-10T22:36:13.115" >
            <step title="Collecting changeset information" date="2026-01-10T22:36:13.133" /><!-- duration: 127ms -->
            <step title="Updating submodules" date="2026-01-10T22:36:13.269" /><!-- duration: 1185ms -->
            <step title="Determining deployment builder" date="2026-01-10T22:36:14.819" >
              <step title="Builder is OryxBuilder" date="2026-01-10T22:36:14.834" /><!-- duration: 4ms -->
            </step><!-- duration: 23ms -->
            <step title="PreDeployment: context.CleanOutputPath False" date="2026-01-10T22:36:14.918" >
              <step title="PreDeployment: context.OutputPath /home/site/wwwroot" date="2026-01-10T22:36:15.083" >
                <step title="Building" date="2026-01-10T22:36:15.246" >
                  <step title="Executing external process" date="2026-01-10T22:36:15.629" type="process" path="bash" arguments="-c &quot;oryx build /tmp/zipdeploy/extracted -o /home/site/wwwroot --platform python --platform-version 3.11 -p virtualenv_name=antenv --log-file /tmp/build-debug.log  -i /tmp/8de5098a9e0d503 --compress-destination-dir | tee /tmp/oryx-build.log ; exit $PIPESTATUS &quot;" >
                    <step title="Cpu: python(1478,33.170s)+ts(1479,0.160s)+build.sh(1477,0.000s)+build.sh(1476,0.000s)+build.sh(1398,0.020s)+oryx(1378,4.110s)+tee(1379,0.000s)+bash(1377,0.000s)=total(37.440s)" date="2026-01-10T22:37:39.987" /><!-- duration: 21ms -->
                    <step title="bash: no io activity for 61s, prev-cpu=-1.000s, current-cpu=37.440s" date="2026-01-10T22:37:40.028" /><!-- duration: 38ms -->
                  </step><!-- duration: 123686ms -->
                  <step title="Using PythonDeploymentLogParser" date="2026-01-10T22:38:20.164" /><!-- duration: 7ms -->
                  <step title="Modified file to trigger a restart of the app container." date="2026-01-10T22:38:22.871" /><!-- duration: 6ms -->
                  <step title="Skip function trigger and logicapp sync because function is not enabled." date="2026-01-10T22:38:22.884" /><!-- duration: 30ms -->
                </step><!-- duration: 129697ms -->
              </step><!-- duration: 129870ms -->
              <step title="Cleaning up temp files" date="2026-01-10T22:38:24.957" /><!-- duration: 2001ms -->
              <step title="Cleaning up temp files" date="2026-01-10T22:38:26.996" /><!-- duration: 606ms -->
              <step title="Reloading status file with latest updates" date="2026-01-10T22:38:27.643" >
                <step title="WebHooksManager.PublishEventAsync: PostDeployment" date="2026-01-10T22:38:27.652" /><!-- duration: 54ms -->
              </step><!-- duration: 70ms -->
              <step title="Cleaning up temporary deployment - fetch deployment was successful" date="2026-01-10T22:38:27.725" /><!-- duration: 8ms -->
            </step><!-- duration: 132888ms -->
          </step><!-- duration: 134728ms -->
          <step title="Outgoing response" date="2026-01-10T22:38:27.862" type="response" statusCode="200" statusText="OK" /><!-- duration: 5ms -->
        </step><!-- duration: 134766ms -->
