﻿<?xml version="1.0" encoding="utf-8"?>
<deployment>
  <id>d6e11eb6-3748-42d1-9dd0-88a6e84bff65</id>
  <author>N/A</author>
  <deployer>OneDeploy</deployer>
  <authorEmail>N/A</authorEmail>
  <message>OneDeploy</message>
  <progress></progress>
  <status>Success</status>
  <statusText></statusText>
  <lastSuccessEndTime>2026-01-10T21:54:45.7279623Z</lastSuccessEndTime>
  <receivedTime>2026-01-10T21:54:37.0718625Z</receivedTime>
  <startTime>2026-01-10T21:54:38.5786123Z</startTime>
  <endTime>2026-01-10T21:54:45.7279623Z</endTime>
  <complete>True</complete>
  <is_temp>False</is_temp>
  <is_readonly>True</is_readonly>
  <buildSummary />
</deployment>