﻿<?xml version="1.0" encoding="utf-8"?>
<deployment>
  <id>de79668f-c91d-4ea2-9cee-ffdbc1ee2119</id>
  <author>N/A</author>
  <deployer>Push-Deployer</deployer>
  <authorEmail>N/A</authorEmail>
  <message>Created via a push deployment</message>
  <progress></progress>
  <status>Success</status>
  <statusText></statusText>
  <lastSuccessEndTime>2026-01-10T22:14:41.6244317Z</lastSuccessEndTime>
  <receivedTime>2026-01-10T22:11:46.1795272Z</receivedTime>
  <startTime>2026-01-10T22:11:47.6582405Z</startTime>
  <endTime>2026-01-10T22:14:41.6244317Z</endTime>
  <complete>True</complete>
  <is_temp>False</is_temp>
  <is_readonly>True</is_readonly>
  <buildSummary />
</deployment>